STATE,CONSTITUENCY, Assets ,WINNER,PARTY,GENDER,"CRIMINAL
CASES",AGE,EDUCATION,"GENERAL
VOTES","POSTAL
VOTES","TOTAL
VOTES",VoteAcc,VoteShare,Total Voters
Telangana,ADILABAD,3099414,1,BJP,MALE,52,52,12th Pass,376892,482,377374,25.33068419,35.4682479,1489790
Uttar Pradesh,AGRA,74274036,1,BJP,MALE,5,58,Doctorate,644459,2416,646875,33.38382301,56.46461464,1937690
Maharashtra,AHMADNAGAR,168664576,1,BJP,MALE,0,37,Doctorate,696961,7699,704660,37.85653348,58.42515898,1861396
Gujarat,AHMEDABAD EAST,74699690,1,BJP,MALE,0,58,Others,745810,4024,749834,41.3849704,67.00546171,1811851
Gujarat,AHMEDABAD WEST,89474039,1,BJP,MALE,0,69,Post Graduate,638241,3381,641622,39.04432316,64.21145018,1643317
Rajasthan,AJMER,85101774,1,BJP,MALE,0,64,12th Pass,811091,3985,815076,43.4395362,64.52234957,1876346
Uttar Pradesh,AKBARPUR,1141980,1,BJP,MALE,0,64,10th Pass,577603,3679,581282,32.91292046,56.62023333,1766121
Maharashtra,AKOLA,77153230,1,BJP,MALE,1,60,Graduate Professional,552898,1546,554444,29.72620712,49.49575293,1865169
Kerala,ALAPPUZHA,15268906,1,CPI(M),MALE,2,54,Graduate Professional,443003,2967,445970,32.87164969,40.91047525,1356701
Kerala,ALATHUR,1152816,1,INC,FEMALE,3,32,10th Pass,532493,1322,533815,42.13905339,52.36684011,1266794
Uttar Pradesh,ALIGARH,109522559,1,BJP,MALE,0,46,10th Pass,651805,4410,656215,34.77322936,56.37828085,1887127
West Bengal,ALIPURDUARS,1418730,1,BJP,MALE,9,43,8th Pass,747788,3016,750804,45.54790968,54.35976298,1648383
Uttar Pradesh,ALLAHABAD,26919330,1,BJP,FEMALE,6,69,Doctorate,493204,1250,494454,28.81164926,55.5845464,1716160
Uttarakhand,ALMORA,9910448,1,BJP,MALE,0,46,12th Pass,430455,14196,444651,33.23728069,63.53909006,1337808
Rajasthan,ALWAR,352929,1,BJP,MALE,0,35,10th Pass,750580,9621,760201,40.25371136,59.93021553,1888524
Andhra Pradesh,AMALAPURAM,85993362,1,YSRCP,FEMALE,0,46,Graduate,482003,3955,485958,33.29491982,39.33710441,1459556
Haryana,AMBALA,54361499,1,BJP,MALE,0,67,Post Graduate,744438,2070,746508,40.27100233,56.64280587,1853711
Uttar Pradesh,AMBEDKAR NAGAR,307265103,1,BSP,MALE,1,38,Graduate,563445,673,564118,31.59162146,51.7247608,1785657
Uttar Pradesh,AMETHI,111099609,1,BJP,FEMALE,0,43,12th Pass,467598,916,468514,26.87180781,49.68566932,1743515
Maharashtra,AMRAVATI,124554656,1,IND,FEMALE,1,33,10th Pass,507844,3103,510947,27.87352074,45.87203159,1833091
Gujarat,AMRELI,35900763,1,BJP,MALE,0,64,12th Pass,527593,1442,529035,32.48700759,58.0436736,1628451
Punjab,AMRITSAR,34011739,1,INC,MALE,0,46,12th Pass,444052,980,445032,29.51385228,51.71291057,1507875
Uttar Pradesh,AMROHA,74920879,1,BSP,MALE,0,43,Graduate,600744,338,601082,36.50809173,51.38533401,1646435
Andhra Pradesh,ANAKAPALLI,91526244,1,YSRCP,FEMALE,0,52,Graduate Professional,583210,3016,586226,38.5329471,47.25891124,1521363
Gujarat,ANAND,77043053,1,BJP,MALE,2,54,Others,631581,1516,633097,38.23349659,57.03144987,1655870
Punjab,ANANDPUR SAHIB,154637860,1,INC,MALE,0,53,Graduate Professional,426904,1141,428045,25.1957765,39.55965857,1698876
Andhra Pradesh,ANANTAPUR,11773091,1,YSRCP,MALE,2,48,Doctorate,690901,4307,695208,41.77531007,51.5689326,1664160
Jammu & Kashmir,ANANTNAG,87620672,1,JKNC,MALE,0,65,Post Graduate,40032,148,40180,2.874560285,32.02486749,1397779
Andaman & Nicobar Islands,ANDAMAN & NICOBAR ISLANDS,132233012,1,INC,MALE,0,52,Graduate Professional,95249,59,95308,29.92674372,45.95415578,318471
Uttar Pradesh,AONLA,21766502,1,BJP,MALE,0,50,10th Pass,536377,1298,537675,30.11164283,51.06600614,1785605
Tamil Nadu,ARAKKONAM,1146984897,1,DMK,MALE,2,71,10th Pass,666688,5502,672190,44.81218867,56.97916102,1500016
West Bengal,ARAMBAGH,12527597,1,AITC,FEMALE,1,33,Post Graduate,649613,316,649929,36.82889015,44.13893194,1764726
Tamil Nadu,ARANI,234564815,1,INC,MALE,1,46,Graduate Professional,613390,4370,617760,42.62912742,53.9567497,1449150
Bihar,ARARIA,5010577,1,BJP,MALE,3,52,10th Pass,618004,430,618434,34.25394045,52.86931039,1805439
Bihar,ARRAH,79971720,1,BJP,MALE,1,66,Graduate Professional,560106,6374,566480,27.11269948,52.33245632,2089353
Andhra Pradesh,ARUKU,141179,1,YSRCP,FEMALE,0,26,Graduate Professional,557561,4629,562190,38.73384511,52.13983965,1451418
Arunachal Pradesh,ARUNACHAL EAST,136628259,1,BJP,MALE,0,54,Post Graduate,148567,5316,153883,45.28794425,52.03689989,339788
Arunachal Pradesh,ARUNACHAL WEST,15279000,1,BJP,MALE,0,47,Graduate Professional,216494,9302,225796,48.68653981,62.02385956,463775
West Bengal,ASANSOL,59234826,1,BJP,MALE,4,48,Graduate,632727,651,633378,39.19745771,51.1551499,1615865
Odisha,ASKA,732470,1,BJD,FEMALE,0,70,5th Pass,552364,385,552749,35.86612551,54.51764984,1541145
Kerala,ATTINGAL,144098612,1,INC,MALE,7,63,Graduate Professional,379469,1526,380995,28.20701705,37.87045946,1350710
Bihar,AURANGABAD,167895109,1,BJP,MALE,3,53,Post Graduate,426116,1605,427721,24.54100476,45.72262683,1742883
Maharashtra,AURANGABAD,29562768,1,AIMIM,MALE,4,50,Post Graduate,388784,258,389042,20.62478397,32.45459558,1886284
Assam,AUTONOMOUS DISTRICT,20693570,1,BJP,MALE,2,49,Graduate,380183,1133,381316,47.90733028,61.71579878,795945
Uttar Pradesh,AZAMGARH,377859166,1,SP,MALE,0,45,Graduate Professional,619594,1984,621578,34.74117579,60.3593333,1789168
Karnataka,BAGALKOT,43980663,1,BJP,MALE,0,68,Graduate Professional,661662,2976,664638,39.00434857,55.17032428,1704010
Uttar Pradesh,BAGHPAT,78195793,1,BJP,MALE,1,63,Post Graduate,519631,6158,525789,32.52686709,50.28552793,1616476
West Bengal,BAHARAMPUR,101315437,1,INC,MALE,7,63,10th Pass,589580,1526,591106,36.07873153,45.43359008,1638378
Uttar Pradesh,BAHRAICH,45691463,1,BJP,MALE,0,73,10th Pass,525512,470,525982,30.40520074,53.1218218,1729908
Madhya Pradesh,BALAGHAT,88648133,1,BJP,MALE,0,66,Others,692859,3243,696102,39.3784101,50.70931647,1767725
Odisha,BALASORE,1346236,1,BJP,MALE,7,64,Graduate,481438,2420,483858,31.58793587,41.73510271,1531781
Uttar Pradesh,BALLIA,24498319,1,BJP,MALE,2,62,Graduate,464039,5075,469114,25.73837185,47.357938,1822625
West Bengal,BALURGHAT,5825866,1,BJP,MALE,0,39,Doctorate,537577,1740,539317,37.66958813,45.00920936,1431704
Gujarat,BANASKANTHA,41819177,1,BJP,MALE,0,70,Graduate Professional,675650,3458,679108,40.00909635,61.52795181,1697384
Uttar Pradesh,BANDA,55794086,1,BJP,MALE,2,59,Graduate,477100,826,477926,28.07986256,46.18035157,1702024
Karnataka,BANGALORE CENTRAL,755529306,1,BJP,MALE,0,55,12th Pass,601170,1683,602853,27.34254135,50.33477027,2204817
Karnataka,BANGALORE NORTH,209384539,1,BJP,MALE,0,66,Graduate Professional,821934,2566,824500,28.93743968,52.84158931,2849250
Karnataka,BANGALORE RURAL,3388920717,1,INC,MALE,5,52,12th Pass,877712,546,878258,35.16607687,54.11911581,2497458
Karnataka,BANGALORE SOUTH,1346593,1,BJP,MALE,0,28,Graduate Professional,736605,2624,739229,33.36640353,62.1379944,2215489
West Bengal,BANGAON,5265388,1,BJP,MALE,8,37,Graduate,685237,2385,687622,40.33844255,48.81415082,1704632
Bihar,BANKA,19816050,1,JD(U),MALE,1,58,Post Graduate,476948,840,477788,28.11519871,47.97742655,1699394
West Bengal,BANKURA,19799440,1,BJP,MALE,1,65,Graduate Professional,672202,3117,675319,40.95557903,49.19837249,1648906
Uttar Pradesh,BANSGAON,171706883,1,BJP,MALE,5,42,Graduate,544434,2239,546673,31.21601729,56.37065199,1751258
Rajasthan,BANSWARA,58711904,1,BJP,MALE,0,62,Graduate Professional,710684,1025,711709,36.02918545,49.42049525,1975368
Andhra Pradesh,BAPATLA,4158610,1,YSRCP,MALE,0,42,8th Pass,592250,6007,598257,40.73458249,47.10692458,1468671
Uttar Pradesh,BARABANKI,18050127,1,BJP,MALE,1,51,Post Graduate,535594,323,535917,29.49736629,46.37131525,1816830
Maharashtra,BARAMATI,1408888704,1,NCP,FEMALE,0,49,Graduate,683705,3009,686714,32.47392138,52.52845903,2114663
Jammu & Kashmir,BARAMULLA,597434000,1,JKNC,MALE,0,71,Graduate Professional,132969,457,133426,10.12538153,29.26015189,1317738
West Bengal,BARASAT,40531018,1,AITC,FEMALE,2,60,Post Graduate,647819,625,648444,37.73858549,46.44368906,1718252
West Bengal,BARDHAMAN DURGAPUR,26521750,1,BJP,MALE,0,67,Graduate Professional,597450,926,598376,34.51682013,41.75136706,1733578
West Bengal,BARDHAMAN PURBA,20371283,1,AITC,MALE,0,61,Graduate Professional,640490,344,640834,37.73854021,44.51463355,1698089
Gujarat,BARDOLI,28350217,1,BJP,MALE,0,49,Others,740448,1825,742273,40.63851267,54.99764753,1826526
Uttar Pradesh,BAREILLY,126356142,1,BJP,MALE,0,70,Graduate Professional,563533,1737,565270,31.44485455,52.88056758,1797655
Odisha,BARGARH,11673429,1,BJP,MALE,0,59,Post Graduate,577074,4171,581245,36.41224339,46.4595333,1596290
Rajasthan,BARMER,2402250,1,BJP,MALE,2,45,Graduate,844104,2422,846526,43.60769017,59.49405253,1941231
Assam,BARPETA,7398753,1,INC,MALE,0,44,Post Graduate,643441,1732,645173,38.2858133,44.22603934,1685149
West Bengal,BARRACKPORE,8055691,1,BJP,MALE,24,57,10th Pass,471490,1504,472994,32.92841772,42.81655003,1436431
West Bengal,BASIRHAT,29088391,1,AITC,FEMALE,0,28,12th Pass,781920,158,782078,46.59783348,54.54700164,1678357
Chhattisgarh,BASTAR,7721293,1,INC,MALE,1,38,Post Graduate,401539,988,402527,29.18719301,44.05167215,1379122
Uttar Pradesh,BASTI,8662344,1,BJP,MALE,5,45,Post Graduate,469214,1948,471162,25.53414953,44.65139817,1845223
Punjab,BATHINDA,2179919870,1,SAD,FEMALE,0,52,10th Pass,490811,2013,492824,30.38988796,40.98011547,1621671
Maharashtra,BEED,167477926,1,BJP,FEMALE,1,36,Post Graduate,675841,2334,678175,33.15602533,50.1074298,2045405
Bihar,BEGUSARAI,83024577,1,BJP,MALE,6,66,Graduate,687577,4616,692193,35.34514717,56.43630713,1958382
Karnataka,BELGAUM,366164525,1,BJP,MALE,0,63,Graduate Professional,756986,5005,761991,42.82412117,63.12355961,1779350
Karnataka,BELLARY,40107878,1,BJP,MALE,0,67,5th Pass,614274,2114,616388,35.18730584,50.4415357,1751734
Odisha,BERHAMPUR,11716989,1,BJD,MALE,0,68,10th Pass,443145,698,443843,29.54118426,44.82868677,1502455
Madhya Pradesh,BETUL,15413532,1,BJP,MALE,0,55,Post Graduate,810237,1011,811248,46.69222539,59.72366189,1737437
Uttar Pradesh,BHADOHI,94089148,1,BJP,MALE,6,44,10th Pass,508989,1040,510029,26.25612994,49.04771109,1942514
Odisha,BHADRAK,39417891,1,BJD,FEMALE,0,42,Graduate,511772,1273,513045,30.87543127,41.77734385,1661661
Bihar,BHAGALPUR,6801126,1,JD(U),MALE,0,41,8th Pass,616724,1530,618254,33.89884967,59.26616832,1823820
Maharashtra,BHANDARA - GONDIYA,627543615,1,BJP,MALE,2,50,Others,646152,4091,650243,35.89417054,52.16370394,1811556
Rajasthan,BHARATPUR,3117190,1,BJP,FEMALE,0,39,8th Pass,701293,6699,707992,36.42320122,61.61965794,1943794
Gujarat,BHARUCH,6835957,1,BJP,MALE,0,61,Post Graduate,635374,2421,637795,40.76620354,55.42871992,1564519
Gujarat,BHAVNAGAR,17753161,1,BJP,FEMALE,0,55,Graduate Professional,655272,6001,661273,37.39603698,63.32564674,1768297
Rajasthan,BHILWARA,232703276,1,BJP,MALE,0,62,Graduate,936065,2095,938160,46.97075293,71.5600403,1997328
Madhya Pradesh,BHIND,51108660,1,BJP,FEMALE,0,45,Post Graduate,522990,4704,527694,29.89202043,54.81299281,1765334
Maharashtra,BHIWANDI,418850781,1,BJP,MALE,0,58,Graduate,522032,1551,523583,27.70133855,52.06646745,1890100
Haryana,BHIWANI-MAHENDRAGARH,60642205,1,BJP,MALE,0,64,Graduate,725725,10974,736699,44.53191257,63.18682638,1654317
Telangana,BHONGIR,162543845,1,INC,MALE,14,55,12th Pass,532031,764,532795,32.72630223,43.93181929,1628033
Madhya Pradesh,BHOPAL,444224,1,BJP,FEMALE,1,49,Post Graduate,865212,1270,866482,40.43575388,61.51068846,2142861
Odisha,BHUBANESWAR,31677600,1,BJP,FEMALE,0,49,Graduate,485793,1198,486991,28.65195643,48.42674797,1699678
Karnataka,BIDAR,51836416,1,BJP,MALE,1,50,Graduate Professional,583833,1638,585471,32.98251643,52.35576859,1775095
Karnataka,BIJAPUR,504122985,1,BJP,MALE,0,66,Graduate,633868,1999,635867,35.3733644,57.15694391,1797587
Uttar Pradesh,BIJNOR,2499628021,1,BSP,MALE,7,53,Graduate,559824,1221,561045,33.71411402,50.91309532,1664125
Rajasthan,BIKANER,23524459,1,BJP,MALE,0,65,Post Graduate,655427,2316,657743,35.52241595,59.76765107,1851628
Chhattisgarh,BILASPUR,13544588,1,BJP,MALE,0,51,Graduate Professional,633268,1291,634559,33.80793232,52.43158294,1876953
West Bengal,BIRBHUM,48652722,1,AITC,FEMALE,0,49,Graduate,653426,651,654077,38.49280169,45.10539905,1699219
West Bengal,BISHNUPUR,8656777,1,BJP,MALE,6,38,12th Pass,654904,2115,657019,40.37729866,46.23016892,1627199
Odisha,BOLANGIR,379590851,1,BJP,FEMALE,0,57,Graduate,496237,1849,498086,28.55267518,38.11657065,1744446
West Bengal,BOLPUR,1310691,1,AITC,MALE,0,63,10th Pass,698441,730,699171,41.00534112,47.82523638,1705073
Uttar Pradesh,BULANDSHAHR,18728861,1,BJP,MALE,1,42,Graduate,677196,4125,681321,38.10679978,60.56186667,1787925
Maharashtra,BULDHANA,116272966,1,SHS,MALE,3,58,12th Pass,520537,1440,521977,29.60869422,46.5572434,1762918
Bihar,BUXAR,40183612,1,BJP,MALE,3,66,Graduate,468690,4363,473053,25.85875051,47.93021413,1829373
Kerala,CHALAKUDY,20461931,1,INC,MALE,4,66,Graduate,472935,509,473444,38.48521822,47.80171905,1230197
Karnataka,CHAMARAJANAGAR,143804441,1,BJP,MALE,0,71,Post Graduate,567010,1527,568537,33.71439686,44.7411517,1686333
Uttar Pradesh,CHANDAULI,33359734,1,BJP,MALE,0,62,Doctorate,508113,2620,510733,29.07116596,47.02046506,1756837
Chandigarh,CHANDIGARH,474983574,1,BJP,FEMALE,0,66,Post Graduate,230967,221,231188,35.74727591,50.62839849,646729
NCT OF Delhi,CHANDNI CHOWK,30171897,1,BJP,MALE,0,64,Post Graduate,517939,1116,519055,33.22413417,52.92083922,1562283
Maharashtra,CHANDRAPUR,137455342,1,INC,MALE,5,43,12th Pass,557550,1957,559507,29.29067715,45.14024362,1910188
Jharkhand,CHATRA,226209137,1,BJP,MALE,0,55,Post Graduate,526205,1872,528077,37.05236673,57.03046365,1425218
Tamil Nadu,CHENNAI CENTRAL,116790616,1,DMK,MALE,1,52,Graduate,447150,1761,448911,33.69443819,57.13102142,1332300
Tamil Nadu,CHENNAI NORTH,405294714,1,DMK,MALE,0,49,Post Graduate,589034,1952,590986,39.72531746,61.82308137,1487681
Tamil Nadu,CHENNAI SOUTH,91793460,1,DMK,FEMALE,0,56,Doctorate,563240,1632,564872,28.62237419,50.15106438,1973533
Telangana,CHEVELLA,1634695131,1,TRS,MALE,0,54,Post Graduate,527878,270,528148,21.61783823,40.5956043,2443112
Madhya Pradesh,CHHINDWARA,6601946757,1,INC,MALE,0,44,Graduate,586551,754,587305,38.77156002,47.04167795,1514783
Gujarat,CHHOTA UDAIPUR,8634660,1,BJP,FEMALE,0,47,12th Pass,761472,2973,764445,45.74083038,61.89562408,1671253
Tamil Nadu,CHIDAMBARAM,9244092,1,VCK,MALE,3,56,Doctorate,498401,1828,500229,33.79418763,43.33774887,1480222
Karnataka,CHIKKBALLAPUR,1153501141,1,BJP,MALE,0,76,Graduate Professional,744475,1437,745912,41.23840379,53.74056097,1808780
Karnataka,CHIKKODI,344922831,1,BJP,MALE,0,55,12th Pass,641232,3785,645017,39.99966513,52.89266025,1612556
Karnataka,CHITRADURGA,96197642,1,BJP,MALE,0,62,Graduate,624200,1995,626195,35.56646956,50.23601972,1760633
Andhra Pradesh,CHITTOOR,17355862,1,YSRCP,MALE,0,68,Post Graduate,681325,5467,686792,43.84247931,52.04408795,1566499
Rajasthan,CHITTORGARH,19725115,1,BJP,MALE,0,43,Graduate,979946,2996,982942,48.75919621,67.35865839,2015911
Rajasthan,CHURU,36723865,1,BJP,MALE,0,42,Graduate,786573,6426,792999,39.27479714,59.59387437,2019104
Tamil Nadu,COIMBATORE,20284430,1,CPI(M),MALE,1,68,12th Pass,567741,3409,571150,29.15661002,45.65806692,1958904
West Bengal,COOCH BEHAR,9629810,1,BJP,MALE,11,33,8th Pass,728634,2960,731594,40.3259839,47.9593509,1814200
Tamil Nadu,CUDDALORE,423378552,1,DMK,MALE,0,48,Graduate Professional,519594,2566,522160,38.28045846,50.04504591,1364038
Odisha,CUTTACK,106894976,1,BJD,MALE,0,62,Post Graduate,524117,475,524592,34.53544315,49.46839057,1518996
Dadra & Nagar Haveli,DADRA AND NAGAR HAVELI,708885980,1,IND,MALE,0,56,Graduate,90399,22,90421,36.16420495,45.44134202,250029
Gujarat,DAHOD,27070480,1,BJP,MALE,0,52,Graduate Professional,558977,2783,561760,35.13329777,52.77759771,1598939
Karnataka,DAKSHINA KANNADA,14678300,1,BJP,MALE,4,52,10th Pass,772754,1531,774285,44.88671147,57.5528098,1724976
Daman & Diu,DAMAN & DIU,213993750,1,BJP,MALE,0,63,8th Pass,37586,11,37597,30.88302941,42.98126279,121740
Madhya Pradesh,DAMOH,43292483,1,BJP,MALE,0,59,Graduate Professional,704221,303,704524,39.83113756,60.50506482,1768777
Bihar,DARBHANGA,19301808,1,BJP,MALE,0,49,Post Graduate,585013,1655,586668,35.45226615,60.76249858,1654811
West Bengal,DARJEELING,151106062,1,BJP,MALE,0,33,Graduate,744657,5410,750067,46.549934,59.07593021,1611317
Rajasthan,DAUSA,143742564,1,BJP,FEMALE,0,71,Post Graduate,545481,3252,548733,31.71337274,51.56886995,1730289
Karnataka,DAVANAGERE,380164932,1,BJP,MALE,0,67,10th Pass,651353,1643,652996,39.98594054,54.63373005,1633064
Uttar Pradesh,DEORIA,29451678,1,BJP,MALE,1,69,Graduate Professional,577617,3027,580644,33.10031097,57.17273404,1754195
Madhya Pradesh,DEWAS,3812464,1,BJP,MALE,0,35,Graduate Professional,860708,1721,862429,48.98764728,61.61545078,1760503
Jharkhand,DHANBAD,27286918,1,BJP,MALE,0,69,Graduate,824704,2530,827234,39.91220833,66.00631151,2072634
Madhya Pradesh,DHAR,23198238,1,BJP,MALE,1,65,Post Graduate,721025,1122,722147,40.43034435,53.72422023,1786151
Tamil Nadu,DHARMAPURI,48477451,1,DMK,MALE,1,41,Post Graduate,568310,6678,574988,38.69877857,46.95830424,1485804
Karnataka,DHARWAD,111384447,1,BJP,MALE,1,56,Graduate,682557,2280,684837,39.64757939,56.4052027,1727311
Uttar Pradesh,DHAURAHRA,24735488,1,BJP,FEMALE,3,45,12th Pass,512582,323,512905,31.18581555,48.20748661,1644674
Odisha,DHENKANAL,14529286,1,BJD,MALE,1,58,12th Pass,521954,930,522884,34.75691022,46.14172269,1504403
Assam,DHUBRI,788064044,1,AIUDF,MALE,7,63,Post Graduate,718131,633,718764,38.67304147,42.65514896,1858566
Maharashtra,DHULE,158651112,1,BJP,MALE,2,66,Post Graduate,610268,3265,613533,32.15290228,56.36095898,1908173
West Bengal,DIAMOND HARBOUR,13794320,1,AITC,MALE,0,31,Graduate,790725,402,791127,46.01742681,56.13325926,1719190
Assam,DIBRUGARH,4370067,1,BJP,MALE,0,48,10th Pass,657983,1600,659583,50.18439207,64.9200978,1314319
Tamil Nadu,DINDIGUL,148076407,1,DMK,MALE,0,52,Illiterate,743813,2710,746523,48.41638233,64.30382167,1541881
Maharashtra,DINDORI,122885349,1,BJP,FEMALE,0,40,Graduate Professional,565452,2018,567470,32.74616027,49.83481192,1732936
Uttar Pradesh,DOMARIYAGANJ,103366710,1,BJP,MALE,3,68,Post Graduate,492145,108,492253,26.10822023,49.9581866,1885433
West Bengal,DUM DUM,42518790,1,AITC,MALE,1,71,Post Graduate,511707,355,512062,32.69463081,42.50553045,1566196
Jharkhand,DUMKA,4737559,1,BJP,MALE,0,39,12th Pass,483748,1175,484923,34.7054542,47.26432556,1397253
Chhattisgarh,DURG,34429027,1,BJP,MALE,0,59,Graduate,847445,1929,849374,43.77609496,60.98674607,1940269
NCT OF Delhi,EAST DELHI,1471587789,1,BJP,MALE,1,37,12th Pass,695109,1047,696156,34.13697432,55.32973824,2039302
Andhra Pradesh,ELURU,462808829,1,YSRCP,MALE,0,46,Graduate,672834,3975,676809,42.43449638,50.80347693,1594950
Kerala,ERNAKULAM,7908467,1,INC,MALE,7,35,Graduate,490854,409,491263,39.42809309,50.78231117,1245972
Tamil Nadu,ERODE,43110000,1,DMK,MALE,0,72,Graduate,558929,4662,563591,38.54283069,52.72118039,1462246
Uttar Pradesh,ETAH,383629735,1,BJP,MALE,0,58,Graduate Professional,544267,1081,545348,33.6365683,54.51561051,1621295
Uttar Pradesh,FAIZABAD,31884642,1,BJP,MALE,1,64,Post Graduate,528113,908,529021,29.03860774,48.64918799,1821785
Haryana,FARIDABAD,369652786,1,BJP,MALE,0,62,Graduate Professional,910787,2435,913222,44.07833514,68.76014116,2071816
Punjab,FARIDKOT,19793884,1,INC,MALE,0,78,5th Pass,417936,1129,419065,27.17722966,42.97036018,1541971
Uttar Pradesh,FARRUKHABAD,74964501,1,BJP,MALE,0,50,Graduate,567930,1950,569880,33.35391567,56.80389856,1708585
Punjab,FATEHGARH SAHIB,32808836,1,INC,MALE,0,65,Post Graduate,410723,928,411651,27.39115594,41.70049262,1502861
Uttar Pradesh,FATEHPUR,10667372,1,BJP,FEMALE,0,52,12th Pass,563715,2325,566040,30.77455048,54.1930073,1839312
Uttar Pradesh,FATEHPUR SIKRI,14854247,1,BJP,MALE,3,52,Graduate,662794,4353,667147,38.81386077,64.24388036,1718837
Uttar Pradesh,FIROZABAD,42872395,1,BJP,MALE,0,68,Graduate Professional,494050,1769,495819,27.69149572,46.0552642,1790510
Punjab,FIROZPUR,2179919870,1,SAD,MALE,4,56,Post Graduate,631100,2327,633427,39.1386285,54.00975954,1618419
Maharashtra,GADCHIROLI-CHIMUR,50136369,1,BJP,MALE,0,55,12th Pass,517722,2246,519968,32.88093964,45.46231904,1581366
Gujarat,GANDHINAGAR,403275307,1,BJP,MALE,4,54,12th Pass,889925,4699,894624,45.97784324,69.5758213,1945772
Rajasthan,GANGANAGAR,21014362,1,BJP,MALE,0,48,Graduate,892744,4433,897177,46.16328597,61.74291249,1943486
Uttarakhand,GARHWAL,15032657,1,BJP,MALE,0,55,Post Graduate,487613,19367,506980,37.39353118,67.77608145,1355796
Assam,GAUHATI,630219570,1,BJP,FEMALE,0,67,Graduate,1007156,1780,1008936,46.25348241,57.19753961,2181319
Uttar Pradesh,GAUTAM BUDDHA NAGAR,478759568,1,BJP,MALE,0,59,Graduate Professional,828164,2648,830812,36.07583284,59.63588754,2302960
Bihar,GAYA,12766141,1,JD(U),MALE,3,55,12th Pass,465748,1259,467007,27.39693159,48.76573376,1704596
West Bengal,GHATAL,317320579,1,AITC,MALE,0,36,Others,717407,552,717959,39.88656679,48.20658574,1800002
Uttar Pradesh,GHAZIABAD,56545702,1,BJP,MALE,2,67,Doctorate,942576,1927,944503,34.6101361,61.93068375,2728978
Uttar Pradesh,GHAZIPUR,137938756,1,BSP,MALE,5,65,Post Graduate,564144,1938,566082,30.09350494,51.11363733,1881077
Uttar Pradesh,GHOSI,66536025,1,BSP,MALE,13,36,Graduate,572459,1370,573829,28.81172454,50.27061359,1991651
Jharkhand,GIRIDIH,13456889,1,AJSUP,MALE,2,50,Graduate,646864,1413,648277,39.30349767,58.55335653,1649413
Jharkhand,GODDA,462757500,1,BJP,MALE,4,47,Doctorate,635383,2227,637610,37.14018101,53.3858364,1716766
Uttar Pradesh,GONDA,232735285,1,BJP,MALE,0,53,Post Graduate,507276,914,508190,28.70727717,54.99159744,1770248
Bihar,GOPALGANJ,32739903,1,JD(U),MALE,0,61,Post Graduate,562424,5726,568150,30.88587529,55.3722214,1839514
Uttar Pradesh,GORAKHPUR,208494688,1,BJP,MALE,0,51,12th Pass,715010,2112,717122,36.19640046,60.52045488,1981197
Karnataka,GULBARGA,37490597,1,BJP,MALE,0,60,Post Graduate,617692,2500,620192,31.87394161,52.09635514,1945765
Madhya Pradesh,GUNA,16266408,1,BJP,MALE,0,43,Graduate Professional,610855,3194,614049,36.64380292,52.09513475,1675724
Andhra Pradesh,GUNTUR,3051485242,1,TDP,MALE,0,53,Graduate,586292,1626,587918,34.45937827,43.50027783,1706119
Punjab,GURDASPUR,871925679,1,BJP,MALE,0,59,Others,551177,7542,558719,35.02316829,50.58358819,1595284
Haryana,GURGAON,420970754,1,BJP,MALE,0,69,Graduate Professional,877241,4305,881546,40.98826072,60.87600243,2150728
Madhya Pradesh,GWALIOR,58911673,1,BJP,MALE,0,71,Graduate Professional,624801,2449,627250,31.35083749,52.40674148,2000744
Bihar,HAJIPUR,62834200,1,LJP,MALE,1,66,Graduate Professional,539665,1645,541310,29.68255117,53.71844236,1823664
Himachal Pradesh,HAMIRPUR,56770463,1,BJP,MALE,3,44,Graduate,668812,13880,682692,50.11433131,68.81372299,1362269
Uttar Pradesh,HAMIRPUR,56770463,1,BJP,MALE,4,45,Post Graduate,574101,1021,575122,32.88102453,52.76208248,1749100
Uttar Pradesh,HARDOI,234032624,1,BJP,MALE,0,61,Graduate,567244,899,568143,31.43915813,53.70748322,1807119
Uttarakhand,HARDWAR,28739888,1,BJP,MALE,0,59,Doctorate,661050,4624,665674,36.1634301,52.27561326,1840738
Karnataka,HASSAN,97848632,1,JD(S),MALE,0,28,Graduate Professional,675512,1094,676606,40.93202718,52.91552908,1652999
Uttar Pradesh,HATHRAS,14930000,1,BJP,MALE,0,61,12th Pass,679799,4500,684299,36.70501845,59.42876051,1864320
Maharashtra,HATKANANGLE,47771462,1,SHS,MALE,0,38,Graduate,582776,3000,585776,32.97257895,46.70094307,1776555
Karnataka,HAVERI,718499195,1,BJP,MALE,0,52,12th Pass,681147,2513,683660,40.01498382,53.92116654,1708510
Jharkhand,HAZARIBAGH,770749002,1,BJP,MALE,0,55,Post Graduate,727359,1439,728798,43.70694437,67.39505559,1667465
Andhra Pradesh,HINDUPUR,1787356,1,YSRCP,MALE,2,50,Graduate,699739,6863,706602,44.77214174,52.73043006,1578218
Maharashtra,HINGOLI,18594458,1,SHS,MALE,0,48,Graduate,583392,2920,586312,33.81797271,50.59792003,1733729
Haryana,HISAR,146408734,1,BJP,MALE,0,46,Post Graduate,599951,3338,603289,36.97038332,51.04494711,1631817
West Bengal,HOOGHLY,35655698,1,BJP,FEMALE,14,45,Graduate,670031,1417,671448,38.00790331,46.03265795,1766601
Madhya Pradesh,HOSHANGABAD,154783105,1,BJP,MALE,1,54,Graduate,876911,1016,877927,51.45688428,69.32987655,1706141
Punjab,HOSHIARPUR,29404519,1,BJP,MALE,0,70,Post Graduate,416711,4609,421320,26.37370892,42.48612183,1597500
West Bengal,HOWRAH,13216066,1,AITC,MALE,1,64,Graduate,576499,212,576711,35.29605092,47.16669884,1633925
Telangana,HYDERABAD,179044376,1,AIMIM,MALE,5,49,Graduate Professional,517239,232,517471,26.42948092,58.94143228,1957931
Kerala,IDUKKI,13395011,1,INC,MALE,204,37,Post Graduate,497697,796,498493,41.39650604,54.21000719,1204191
Madhya Pradesh,INDORE,59038508,1,BJP,MALE,2,57,Graduate Professional,1066824,1745,1068569,45.45980141,65.57267296,2350580
Manipur,INNER MANIPUR,19616174,1,BJP,MALE,0,67,Doctorate,261802,1830,263632,28.12182654,34.66762048,937464
Madhya Pradesh,JABALPUR,43134351,1,BJP,MALE,1,56,Graduate,825674,780,826454,45.41223028,65.38091546,1819893
West Bengal,JADAVPUR,24398786,1,AITC,FEMALE,0,30,Graduate,687773,699,688472,37.89357115,47.90093531,1816857
Odisha,JAGATSINGHPUR,40023972,1,BJD,FEMALE,0,54,Graduate Professional,618955,1030,619985,37.72127562,50.41237507,1643595
Bihar,JAHANABAD,139271693,1,JD(U),MALE,3,68,10th Pass,333191,2393,335584,21.12645377,40.81373528,1588454
Rajasthan,JAIPUR,165322707,1,BJP,MALE,0,61,12th Pass,918472,5593,924065,43.44409388,63.44395423,2127021
Rajasthan,JAIPUR RURAL,127808070,1,BJP,MALE,0,49,Graduate,811626,8506,820132,42.00329622,64.08948578,1952542
Odisha,JAJPUR,15837082,1,BJD,FEMALE,0,45,Post Graduate,542476,1544,544020,36.88253683,49.77469544,1475007
Punjab,JALANDHAR,99925185,1,INC,MALE,0,72,Graduate Professional,385449,263,385712,23.85329044,37.83704776,1617018
Uttar Pradesh,JALAUN,10699516,1,BJP,MALE,1,60,Post Graduate,579723,2040,581763,30.09080574,51.44948556,1933358
Maharashtra,JALGAON,12324604,1,BJP,MALE,1,40,Graduate Professional,709510,4364,713874,36.96147872,65.35590005,1931400
Rajasthan,JALORE,88332292,1,BJP,MALE,0,42,10th Pass,772383,450,772833,37.31250398,56.75805489,2071244
West Bengal,JALPAIGURI,11625047,1,BJP,MALE,0,51,Graduate Professional,757806,2339,760145,43.80067809,50.62978768,1735464
Jammu & Kashmir,JAMMU,56481801,1,BJP,MALE,0,56,10th Pass,840214,17852,858066,41.91203838,57.80608426,2047302
Gujarat,JAMNAGAR,427331034,1,BJP,FEMALE,0,44,Graduate,587501,4087,591588,35.69877731,58.48915763,1657166
Jharkhand,JAMSHEDPUR,27750671,1,BJP,MALE,3,56,12th Pass,678984,648,679632,39.9013902,59.3862256,1703279
Bihar,JAMUI,18466066,1,LJP,MALE,1,37,Graduate Professional,527860,1274,529134,30.78483187,55.72406617,1718814
West Bengal,JANGIPUR,368306705,1,AITC,MALE,0,58,Graduate,562518,320,562838,34.82449405,43.14161344,1616213
Chhattisgarh,JANJGIR-CHAMPA,18400837,1,BJP,MALE,0,52,Graduate Professional,570486,2304,572790,30.19238493,45.87920934,1897134
Uttar Pradesh,JAUNPUR,140717620,1,BSP,MALE,0,65,Post Graduate,520046,1082,521128,27.89800297,50.02030076,1867976
West Bengal,JAYNAGAR,27471675,1,AITC,FEMALE,0,53,Post Graduate,760934,268,761202,46.1794941,56.11986558,1648355
Rajasthan,JHALAWAR-BARAN,370432373,1,BJP,MALE,0,48,Post Graduate,887017,383,887400,46.61032528,64.77291888,1903870
Bihar,JHANJHARPUR,88119686,1,JD(U),MALE,1,63,10th Pass,601597,794,602391,32.51918979,56.70144043,1852417
Uttar Pradesh,JHANSI,1243060113,1,BJP,MALE,0,54,Post Graduate,808371,901,809272,39.65583056,58.59491865,2040739
West Bengal,JHARGRAM,10387498,1,BJP,MALE,0,56,Graduate Professional,623373,3210,626583,38.16281211,44.52595203,1641868
Rajasthan,JHUNJHUNU,47474109,1,BJP,MALE,1,58,Graduate,722994,15169,738163,38.09122537,61.32439757,1937882
Rajasthan,JODHPUR,138029511,1,BJP,MALE,1,51,Post Graduate,781166,7722,788888,40.31613564,58.52575759,1956755
Assam,JORHAT,12597461,1,BJP,MALE,0,50,Post Graduate,540942,2346,543288,39.80029816,51.31070437,1365035
Gujarat,JUNAGADH,10866041,1,BJP,MALE,1,36,12th Pass,543429,4315,547744,33.34079997,54.38003598,1642864
Gujarat,KACHCHH,33508455,1,BJP,MALE,0,40,Post Graduate,631753,5281,637034,36.52045696,62.20111858,1744321
Andhra Pradesh,KADAPA,186969794,1,YSRCP,MALE,4,34,Post Graduate,777967,5532,783499,49.89390765,63.41312795,1570330
Uttar Pradesh,KAIRANA,17292937,1,BJP,MALE,5,48,Post Graduate,564380,2581,566961,34.01691843,50.43181319,1666703
Uttar Pradesh,KAISERGANJ,98905402,1,BJP,MALE,4,62,Graduate Professional,580226,1132,581358,32.19132798,59.1819595,1805946
Andhra Pradesh,KAKINADA,202528594,1,YSRCP,FEMALE,0,55,Post Graduate,534655,2975,537630,34.3768583,43.46894521,1563930
Odisha,KALAHANDI,9547000,1,BJP,MALE,3,58,12th Pass,429710,3364,433074,26.8813747,35.18269535,1611056
Assam,KALIABOR,13727834,1,INC,MALE,0,36,Post Graduate,785014,1078,786092,45.30951538,55.17228794,1734938
Tamil Nadu,KALLAKURICHI,471186830,1,DMK,MALE,1,44,Post Graduate,716961,4752,721713,47.20354913,59.89642595,1528938
Maharashtra,KALYAN,19616515,1,SHS,MALE,1,32,Post Graduate,558023,1700,559723,28.47483512,62.84136379,1965676
Tamil Nadu,KANCHEEPURAM,48172936,1,DMK,MALE,0,44,Post Graduate,680087,3917,684004,41.60628519,55.24367649,1643992
Odisha,KANDHAMAL,1244722,1,BJD,MALE,0,55,Doctorate,461154,525,461679,35.82611786,49.00837649,1288666
Himachal Pradesh,KANGRA,85841247,1,BJP,MALE,2,67,12th Pass,712133,13085,725218,50.8091286,71.83534148,1427338
Chhattisgarh,KANKER,28675553,1,BJP,MALE,0,61,Post Graduate,543376,2857,546233,35.03847456,47.07918945,1558952
Uttar Pradesh,KANNAUJ,54287991,1,BJP,MALE,11,39,Graduate,561286,1801,563087,30.03412587,49.35095553,1874824
Tamil Nadu,KANNIYAKUMARI,4174930444,1,INC,MALE,0,68,Post Graduate,624627,2608,627235,41.78084929,59.76928362,1501250
Kerala,KANNUR,29699206,1,INC,MALE,3,70,Post Graduate,527685,2056,529741,41.82551024,50.22450903,1266550
Uttar Pradesh,KANPUR,132382819,1,BJP,MALE,0,71,Post Graduate,466442,2495,468937,28.71658799,55.59953001,1632983
West Bengal,KANTHI,33979650,1,AITC,MALE,3,77,12th Pass,711233,639,711872,42.88005821,49.95712178,1660147
Bihar,KARAKAT,43442051,1,JD(U),MALE,3,64,8th Pass,396282,2126,398408,22.49299084,45.81793258,1771254
Rajasthan,KARAULI-DHOLPUR,64867148,1,BJP,MALE,0,49,Post Graduate,523801,2642,526443,29.07602782,52.69014042,1810574
Assam,KARIMGANJ,1871040,1,BJP,MALE,0,46,Graduate,471946,1100,473046,35.29738325,44.57819744,1340173
Telangana,KARIMNAGAR,2270000,1,BJP,MALE,6,47,Post Graduate,497462,814,498276,30.17033162,43.39623463,1651543
Haryana,KARNAL,2256739,1,BJP,MALE,0,51,Graduate,909432,2162,911594,47.87298346,70.04319717,1904193
Tamil Nadu,KARUR,6046055,1,INC,FEMALE,0,43,Post Graduate,691518,4179,695697,50.14805887,63.03630243,1387286
Kerala,KASARAGOD,21570257,1,INC,MALE,1,65,Graduate,473983,978,474961,34.82279607,43.17438703,1363937
Bihar,KATIHAR,13302734,1,JD(U),MALE,1,51,Graduate,558984,439,559423,33.83566607,50.02490412,1653353
Uttar Pradesh,KAUSHAMBI,59336113,1,BJP,MALE,4,49,Graduate,381517,1492,383009,21.43163302,39.28148368,1787120
Odisha,KENDRAPARA,22309172,1,BJD,MALE,0,37,Graduate,629349,830,630179,36.83284276,50.88457489,1710916
Punjab,KHADOOR SAHIB,81393500,1,INC,MALE,0,48,Others,457990,1720,459710,28.05090424,43.85918046,1638842
Bihar,KHAGARIA,109788313,1,LJP,MALE,1,52,Graduate,509138,1055,510193,30.43286604,52.73797796,1676454
Madhya Pradesh,KHAJURAHO,10589334,1,BJP,MALE,0,49,Post Graduate,810410,725,811135,44.03328819,64.46194756,1842095
Telangana,KHAMMAM,1074671341,1,TRS,MALE,5,62,12th Pass,566621,838,567459,37.48550841,49.7837431,1513809
Madhya Pradesh,KHANDWA,19076515,1,BJP,MALE,0,66,Post Graduate,837969,940,838909,43.94367894,57.14031751,1909055
Madhya Pradesh,KHARGONE,67303990,1,BJP,MALE,0,43,Graduate Professional,772221,1329,773550,42.16944644,54.1700922,1834385
Gujarat,KHEDA,13023202,1,BJP,MALE,0,54,Others,711757,2815,714572,39.6098065,64.89189255,1804028
Uttar Pradesh,KHERI,45295455,1,BJP,MALE,1,60,Graduate Professional,609285,304,609589,34.42646096,53.62456148,1770699
Jharkhand,KHUNTI,91507865,1,BJP,MALE,0,50,12th Pass,381566,1072,382638,31.81586877,45.9440897,1202664
Bihar,KISHANGANJ,90973803,1,INC,MALE,1,54,Graduate Professional,366820,197,367017,22.11410712,33.31502756,1659651
Jharkhand,KODARMA,97636939,1,BJP,FEMALE,0,50,Post Graduate,751996,1020,753016,41.50849583,62.25016761,1814125
Assam,KOKRAJHAR,13013994,1,IND,MALE,5,50,12th Pass,482556,2004,484560,27.27828512,32.74620475,1776358
Karnataka,KOLAR,174557500,1,BJP,MALE,2,44,12th Pass,707930,1235,709165,43.50809621,56.32348047,1629961
Maharashtra,KOLHAPUR,95171892,1,SHS,MALE,0,54,Post Graduate,745675,3410,749085,39.8344373,56.21634156,1880496
West Bengal,KOLKATA DAKSHIN,10308401,1,AITC,FEMALE,3,61,Graduate,572188,931,573119,33.15028305,47.47994327,1728851
West Bengal,KOLKATA UTTAR,61176355,1,AITC,MALE,2,70,Graduate Professional,474490,401,474891,32.88532092,49.95492506,1444082
Kerala,KOLLAM,17500650,1,RSP,MALE,5,58,Graduate Professional,497264,2413,499677,38.53391634,51.56534921,1296720
Karnataka,KOPPAL,28725791,1,BJP,MALE,1,64,10th Pass,584997,1786,586783,33.78737635,49.28352876,1736693
Odisha,KORAPUT,37587560,1,INC,MALE,0,40,Graduate Professional,370434,695,371129,25.87375487,34.34252301,1434384
Chhattisgarh,KORBA,150639697,1,INC,FEMALE,0,65,Post Graduate,522671,639,523310,34.68293524,46.00838914,1508840
Rajasthan,KOTA,48347737,1,BJP,MALE,1,56,Post Graduate,796071,3980,800051,41.07016904,58.48633846,1948010
Kerala,KOTTAYAM,26027478,1,KEC(M),MALE,0,66,Graduate Professional,420294,752,421046,34.89240887,46.23586721,1206698
Kerala,KOZHIKODE,12502009,1,INC,MALE,1,66,Graduate,491835,1609,493444,37.43816501,45.82154776,1318024
Tamil Nadu,KRISHNAGIRI,121087979,1,INC,MALE,5,58,Post Graduate,609396,1902,611298,39.94357046,52.59504437,1530404
West Bengal,KRISHNANAGAR,26495250,1,AITC,FEMALE,0,44,Graduate,613652,1220,614872,37.68295359,44.992796,1631698
Andhra Pradesh,KURNOOL,325914387,1,YSRCP,MALE,0,52,Post Graduate,603098,2364,605462,38.49068886,50.85044412,1573009
Haryana,KURUKSHETRA,35785621,1,BJP,MALE,0,49,Graduate Professional,686588,2041,688629,41.55038058,55.93312026,1657335
Uttar Pradesh,KUSHI NAGAR,21860780,1,BJP,MALE,2,50,12th Pass,595508,1531,597039,33.8925523,56.68222715,1761564
Jammu & Kashmir,LADAKH,981904,1,BJP,MALE,1,33,Graduate,41315,1599,42914,23.94326906,33.69768355,179232
Assam,LAKHIMPUR,14307978,1,BJP,MALE,0,53,12th Pass,774017,2389,776406,45.45667978,60.47011176,1708013
Lakshadweep,LAKSHADWEEP,938641,1,NCP,MALE,2,43,Post Graduate,22796,55,22851,41.40499012,48.59226811,55189
Uttar Pradesh,LALGANJ,88451770,1,BSP,FEMALE,0,44,Graduate Professional,517545,1275,518820,29.61335175,53.98391782,1751980
Maharashtra,LATUR,286478302,1,BJP,MALE,0,57,10th Pass,657590,3905,661495,35.06175208,56.14983248,1886657
Jharkhand,LOHARDAGA,12947303,1,BJP,MALE,0,52,Graduate,369527,2068,371595,30.10606942,45.40688957,1234286
Uttar Pradesh,LUCKNOW,51492709,1,BJP,MALE,0,67,Post Graduate,627881,5145,633026,31.0251048,56.64003293,2040367
Punjab,LUDHIANA,54281096,1,INC,MALE,3,43,12th Pass,383284,511,383795,22.79981584,36.65576276,1683325
Uttar Pradesh,MACHHLISHAHR,259027394,1,BJP,MALE,0,58,Graduate,487093,1304,488397,26.42403368,47.16943047,1848306
Andhra Pradesh,MACHILIPATNAM,990575840,1,YSRCP,MALE,2,50,Post Graduate,567592,5258,572850,38.88086106,45.99165671,1473347
Maharashtra,MADHA,1275160578,1,BJP,MALE,2,42,12th Pass,583191,3123,586314,30.70391616,48.14443478,1909574
Bihar,MADHEPURA,37420953,1,JD(U),MALE,1,67,Graduate Professional,623460,874,624334,33.12322303,54.40098566,1884883
Bihar,MADHUBANI,46699125,1,BJP,MALE,1,49,Doctorate,594811,1032,595843,33.23536729,61.76420588,1792798
Tamil Nadu,MADURAI,1811456,1,CPI(M),MALE,0,49,12th Pass,444152,2923,447075,29.04921684,43.95490413,1539026
Telangana,MAHABUBABAD,19731269,1,TRS,FEMALE,1,39,Graduate,461824,285,462109,32.44270334,46.97628461,1424385
Uttar Pradesh,MAHARAJGANJ,10451986,1,BJP,MALE,5,54,12th Pass,725557,792,726349,37.92137237,59.18634251,1915408
Bihar,MAHARAJGANJ,10451986,1,BJP,MALE,5,55,Graduate,543523,2829,546352,30.22246217,56.1519195,1807768
Chhattisgarh,MAHASAMUND,17591683,1,BJP,MALE,0,51,Graduate,614924,1656,616580,37.64337273,50.42497876,1637951
Telangana,MAHBUBNAGAR,63353123,1,TRS,MALE,0,60,12th Pass,411241,161,411402,27.31567981,41.77658268,1506102
Gujarat,MAHESANA,440308300,1,BJP,FEMALE,0,71,12th Pass,656686,2839,659525,39.99862936,60.80381533,1648869
Uttar Pradesh,MAINPURI,205604593,1,SP,MALE,1,79,Post Graduate,523145,1781,524926,30.46164309,53.65909507,1723236
Kerala,MALAPPURAM,52932535,1,IUML,MALE,2,67,Graduate,589153,720,589873,43.03933329,57.00363066,1370544
West Bengal,MALDAHA DAKSHIN,270959520,1,INC,MALE,0,72,Doctorate,443540,730,444270,28.19705634,34.70921743,1575590
West Bengal,MALDAHA UTTAR,10232439,1,BJP,MALE,4,59,Graduate,507798,1726,509524,30.22168445,37.5930652,1685955
Telangana,MALKAJGIRI,245357182,1,INC,MALE,42,51,Graduate,602907,841,603748,19.16469887,38.61155274,3150313
Himachal Pradesh,MANDI,15724337,1,BJP,MALE,0,60,10th Pass,638441,8748,647189,50.50395564,68.62008932,1281462
Madhya Pradesh,MANDLA,26702373,1,BJP,MALE,0,59,Post Graduate,735365,1901,737266,37.78396293,48.57045544,1951267
Madhya Pradesh,MANDSOUR,90908944,1,BJP,MALE,1,59,Post Graduate,845944,1842,847786,48.14572301,61.81293223,1760875
Karnataka,MANDYA,234154139,1,IND,FEMALE,0,55,10th Pass,702167,1493,703660,41.10153948,51.00382569,1712004
Assam,MANGALDOI,6206286,1,BJP,MALE,0,45,Graduate,732740,2729,735469,40.85400978,48.8223396,1800237
Uttar Pradesh,MATHURA,2508270292,1,BJP,FEMALE,0,70,Doctorate,667342,3951,671293,37.13123509,60.78763045,1807893
West Bengal,MATHURAPUR,10667304,1,AITC,MALE,0,80,Post Graduate,726463,365,726828,43.99429573,51.84152283,1652096
Maharashtra,MAVAL,1023310134,1,SHS,MALE,3,55,8th Pass,718950,1713,720663,31.35935215,52.62403465,2298080
Kerala,MAVELIKKARA,12965129,1,INC,MALE,1,56,Post Graduate,437997,2418,440415,33.66824605,45.29340985,1308102
Tamil Nadu,MAYILADUTHURAI,13355095,1,DMK,MALE,0,74,Graduate,595845,3447,599292,40.3606579,54.59126601,1484842
Odisha,MAYURBHANJ,2742000,1,BJP,MALE,1,54,10th Pass,480253,3559,483812,32.40090945,42.00876449,1493205
Telangana,MEDAK,1266581773,1,TRS,MALE,0,53,Graduate,595830,218,596048,37.17590646,51.81534706,1603318
West Bengal,MEDINIPUR,4536462,1,BJP,MALE,14,54,10th Pass,683285,2148,685433,40.94004668,48.60120497,1674236
Uttar Pradesh,MEERUT,13489377,1,BJP,MALE,3,68,Post Graduate,582976,3208,586184,30.96700302,48.16868539,1892931
Uttar Pradesh,MIRZAPUR,26900662,1,ADAL,FEMALE,2,37,Post Graduate,590867,697,591564,32.06048289,53.3392723,1845150
Uttar Pradesh,MISRIKH,48771207,1,BJP,MALE,0,52,Post Graduate,533562,867,534429,29.74119221,52.01852865,1796932
Mizoram,MIZORAM,131201374,1,MNF,MALE,0,62,Graduate,223509,777,224286,28.30235821,44.82609069,792464
Uttar Pradesh,MOHANLALGANJ,55530561,1,BJP,MALE,1,59,Graduate,627223,2776,629999,31.13518573,49.583576,2023431
Uttar Pradesh,MORADABAD,55795546,1,SP,MALE,0,60,Post Graduate,648817,599,649416,33.15141513,50.64600531,1958939
Madhya Pradesh,MORENA,23062224,1,BJP,MALE,1,61,Graduate,537856,3833,541689,29.47609623,47.56940602,1837723
Maharashtra,MUMBAI NORTH,157535232,1,BJP,MALE,9,65,5th Pass,705555,1123,706678,42.89786627,71.38435617,1647350
Maharashtra,MUMBAI NORTH CENTRAL,22242513,1,BJP,FEMALE,2,38,Others,485815,857,486672,28.97045106,53.96691273,1679891
Maharashtra,MUMBAI NORTH EAST,54661944,1,BJP,MALE,2,46,10th Pass,513579,1020,514599,32.39134307,56.60028091,1588693
Maharashtra,MUMBAI NORTH WEST,105392000,1,SHS,MALE,0,75,Graduate,569018,1045,570063,32.90857104,60.52710093,1732263
Maharashtra,MUMBAI SOUTH,27181577,1,SHS,MALE,1,67,Graduate,420530,1407,421937,27.14859836,52.62378726,1554176
Maharashtra,MUMBAI SOUTH CENTRAL,18881363,1,SHS,MALE,0,47,Others,423743,1170,424913,29.50006248,53.2537163,1440380
Bihar,MUNGER,88324866,1,JD(U),MALE,1,65,Graduate,525519,3243,528762,28.00609102,51.01708636,1888025
West Bengal,MURSHIDABAD,8926616,1,AITC,MALE,3,57,8th Pass,604024,322,604346,35.03075319,41.55888631,1725187
Uttar Pradesh,MUZAFFARNAGAR,15781189,1,BJP,MALE,1,46,Doctorate,569535,4245,573780,33.79145973,49.38826312,1698003
Bihar,MUZAFFARPUR,298867486,1,BJP,MALE,1,50,Graduate,664074,2804,666878,38.53554326,63.00175625,1730553
Karnataka,MYSORE,18723762,1,BJP,MALE,3,42,Post Graduate,685105,3869,688974,36.33191006,52.2701185,1896333
Odisha,NABARANGPUR,8100600,1,BJD,MALE,0,40,Graduate,392481,23,392504,26.86536108,33.78450611,1461004
Nagaland,NAGALAND,128117474,1,NDPP,MALE,0,62,Graduate,499683,827,500510,41.23574594,49.68151855,1213777
Tamil Nadu,NAGAPATTINAM,4572837,1,CPI(M),MALE,0,63,12th Pass,519596,3296,522892,40.1098762,52.13696008,1303649
Telangana,NAGARKURNOOL,10778684,1,TRS,MALE,0,66,Graduate,499428,244,499672,31.46329192,50.47737483,1588111
Rajasthan,NAGAUR,4218568,1,RLTP,MALE,0,47,Graduate Professional,655496,4555,660051,34.14347116,54.78633734,1933169
Uttar Pradesh,NAGINA,28659644,1,BSP,MALE,1,55,12th Pass,567195,1183,568378,35.83455697,56.2870314,1586117
Maharashtra,NAGPUR,187916075,1,BJP,MALE,4,62,Graduate Professional,657624,2597,660221,30.5502856,55.61090451,2161096
Uttarakhand,NAINITAL-UDHAMSINGH NAGAR,19699529,1,BJP,MALE,0,57,Graduate Professional,765173,7022,772195,42.2326112,61.23623127,1828433
Bihar,NALANDA,29251651,1,JD(U),MALE,0,60,12th Pass,539183,1705,540888,25.57621043,52.41802778,2114809
Telangana,NALGONDA,31501349,1,INC,MALE,4,55,Graduate,525508,520,526028,33.16737916,44.73088069,1585980
Tamil Nadu,NAMAKKAL,485205173,1,DMK,MALE,0,54,Graduate,623370,2923,626293,44.3048559,55.22943886,1413599
Maharashtra,NANDED,52178606,1,BJP,MALE,0,57,12th Pass,482148,4658,486806,28.31383534,43.1006975,1719322
Maharashtra,NANDURBAR,271634532,1,BJP,FEMALE,0,31,Post Graduate,637226,1910,639136,34.15832086,49.7557892,1871099
Andhra Pradesh,NANDYAL,585932911,1,YSRCP,MALE,1,60,Post Graduate,715024,5864,720888,44.96500792,55.46209565,1603220
Andhra Pradesh,NARASARAOPET,177710073,1,YSRCP,MALE,0,35,Graduate Professional,740509,5048,745557,44.63368158,51.74848619,1670391
Andhra Pradesh,NARSAPURAM,3259405378,1,YSRCP,MALE,3,57,Post Graduate,444376,4858,449234,31.20350131,38.09773381,1439691
Maharashtra,NASHIK,146869996,1,SHS,MALE,1,48,Others,562034,1565,563599,29.89813608,50.22752145,1885064
Gujarat,NAVSARI,446044269,1,BJP,MALE,1,64,10th Pass,969430,3309,972739,49.33609176,74.29821667,1971658
Bihar,NAWADA,176720167,1,LJP,MALE,2,36,Graduate,491956,3728,495684,26.09210595,52.47049035,1899747
Andhra Pradesh,NELLORE,2211663364,1,YSRCP,MALE,0,70,12th Pass,677014,6816,683830,40.87826427,53.04457705,1672845
NCT OF Delhi,NEW DELHI,361441689,1,BJP,FEMALE,0,51,Graduate Professional,503157,1049,504206,31.17251015,54.77124424,1617470
Tamil Nadu,NILGIRIS,49591024,1,DMK,MALE,6,55,Graduate Professional,545463,2369,547832,40.10307014,54.18451529,1366060
Telangana,NIZAMABAD,876930468,1,BJP,MALE,1,43,Post Graduate,479748,836,480584,30.93785507,45.20242066,1553385
NCT OF Delhi,NORTH EAST DELHI,242817031,1,BJP,MALE,3,47,Post Graduate,785262,2537,787799,34.39431354,53.85676598,2290492
Goa,NORTH GOA,65795623,1,BJP,MALE,0,66,Graduate,244034,810,244844,43.97649979,57.07239526,556761
NCT OF Delhi,NORTH WEST DELHI,130937732,1,BJP,MALE,0,57,10th Pass,847737,926,848663,35.67317292,60.48976968,2378995
Assam,NOWGONG,74143272,1,INC,MALE,0,59,Post Graduate,738881,843,739724,41.21833362,49.52544951,1794648
Andhra Pradesh,ONGOLE,266583686,1,YSRCP,MALE,0,65,Graduate,729344,9858,739202,47.49224045,55.00002604,1556469
Maharashtra,OSMANABAD,50299295,1,SHS,MALE,4,35,12th Pass,591605,5035,596640,31.57259729,49.52059706,1889740
Manipur,OUTER MANIPUR,13709352,1,NPF,MALE,0,59,Graduate Professional,362707,820,363527,35.56671125,42.27082716,1022099
Kerala,PALAKKAD,6356399,1,INC,MALE,7,49,Graduate,398714,560,399274,30.17921255,38.80688986,1323010
Jharkhand,PALAMU,32273873,1,BJP,MALE,0,68,Graduate,753240,2419,755659,40.1638425,62.42917783,1881441
Maharashtra,PALGHAR,87616920,1,SHS,MALE,0,51,Graduate,579989,490,580479,30.78484302,48.28484849,1885600
Rajasthan,PALI,385111923,1,BJP,MALE,0,65,Graduate Professional,890817,9332,900149,41.64150471,66.11377767,2161663
Gujarat,PANCHMAHAL,10260663,1,BJP,MALE,0,59,Graduate Professional,727301,4835,732136,41.96194094,67.43334825,1744762
Maharashtra,PARBHANI,41040011,1,SHS,MALE,6,52,10th Pass,538214,727,538941,27.14756189,43.0088932,1985228
Bihar,PASCHIM CHAMPARAN,199404885,1,BJP,MALE,5,54,Post Graduate,600735,2971,603706,36.95049161,59.57391799,1633824
Bihar,PATALIPUTRA,29213467,1,BJP,MALE,0,58,Graduate,506557,3000,509557,26.46390846,47.23329153,1925479
Gujarat,PATAN,47373221,1,BJP,MALE,0,64,Graduate,629813,3555,633368,35.04996837,56.12889561,1807043
Kerala,PATHANAMTHITTA,6075876,1,INC,MALE,1,62,Graduate,380089,838,380927,27.54868772,37.07758975,1382741
Punjab,PATIALA,635973757,1,INC,FEMALE,0,74,Graduate,531178,849,532027,30.58329501,45.13113237,1739600
Bihar,PATNA SAHIB,235275591,1,BJP,MALE,0,64,Post Graduate,604956,2550,607506,28.30865495,61.80505606,2146008
Telangana,PEDDAPALLE,16597300,1,TRS,MALE,0,42,Doctorate,441007,314,441321,29.83731224,45.48927244,1479091
Tamil Nadu,PERAMBALUR,972730368,1,DMK,MALE,2,77,Post Graduate,677005,6692,683697,49.12135118,61.97623192,1391853
Uttar Pradesh,PHULPUR,172707104,1,BJP,FEMALE,2,62,Post Graduate,542398,2303,544701,27.09312268,55.63413296,2010477
Uttar Pradesh,PILIBHIT,603200539,1,BJP,MALE,0,39,Post Graduate,702755,1794,704549,40.00375879,59.34418497,1761207
Tamil Nadu,POLLACHI,133109284,1,DMK,MALE,0,49,Graduate Professional,550905,3325,554230,36.45041381,51.22803839,1520504
Kerala,PONNANI,8103274,1,IUML,MALE,0,72,10th Pass,521438,386,521824,38.45982062,51.29166888,1356803
Gujarat,PORBANDAR,357564783,1,BJP,MALE,0,57,10th Pass,560011,3870,563881,33.92034736,59.28681,1662368
Uttar Pradesh,PRATAPGARH,248789514,1,BJP,MALE,2,48,8th Pass,434222,2069,436291,25.53262338,47.66858343,1708759
Puducherry,PUDUCHERRY,108015548,1,INC,MALE,0,68,Graduate,444646,335,444981,45.7136253,56.2629679,973410
Maharashtra,PUNE,57959302,1,BJP,MALE,1,68,Graduate,631875,960,632835,30.48596605,61.10486707,2075824
Odisha,PURI,1174701344,1,BJD,MALE,0,59,Graduate Professional,537782,539,538321,34.45627079,47.38223997,1562331
Bihar,PURNIA,41036294,1,JD(U),MALE,1,43,12th Pass,632435,489,632924,35.85337889,54.84662332,1765312
West Bengal,PURULIA,2250540,1,BJP,MALE,2,34,Graduate Professional,666016,2091,668107,40.5925934,49.27547883,1645884
Bihar,PURVI CHAMPARAN,33791375,1,BJP,MALE,1,69,Graduate,574081,3706,577787,34.83431323,57.77090093,1658672
Uttar Pradesh,RAE BARELI,118263916,1,INC,FEMALE,1,72,Others,533687,1231,534918,31.42421081,55.77744828,1702248
Karnataka,RAICHUR,30638375,1,BJP,MALE,0,62,Graduate Professional,596804,1533,598337,31.03079342,53.18730766,1928204
Maharashtra,RAIGAD,127487277,1,NCP,MALE,0,64,Others,484563,2405,486968,29.4602729,47.38965125,1652965
West Bengal,RAIGANJ,6139123,1,BJP,FEMALE,2,48,Post Graduate,509862,1790,511652,31.95388516,40.03298708,1601220
Chhattisgarh,RAIGARH,7043539,1,BJP,FEMALE,0,43,12th Pass,656939,1396,658335,37.97053302,48.73880337,1733805
Chhattisgarh,RAIPUR,46068126,1,BJP,MALE,0,57,Graduate,836211,1691,837902,39.67831237,59.97257258,2111738
Andhra Pradesh,RAJAHMUNDRY,458205360,1,YSRCP,MALE,2,36,Graduate,578471,3553,582024,37.93525983,46.54374932,1534256
Andhra Pradesh,RAJAMPET,665085701,1,YSRCP,MALE,3,42,Post Graduate,695277,6934,702211,45.39360983,57.26949024,1546938
Madhya Pradesh,RAJGARH,40198295,1,BJP,MALE,0,58,Graduate,822225,1599,823824,48.62243401,65.33463396,1694329
Gujarat,RAJKOT,68818120,1,BJP,MALE,0,67,8th Pass,755296,3349,758645,40.26053698,63.41594918,1884339
Jharkhand,RAJMAHAL,12919555,1,JMM,MALE,0,36,10th Pass,506589,1241,507830,34.91593992,48.46385896,1454436
Chhattisgarh,RAJNANDGAON,24861970,1,BJP,MALE,0,51,Graduate Professional,660956,1431,662387,38.59031879,50.64593181,1716459
Rajasthan,RAJSAMAND,165984623,1,BJP,FEMALE,0,48,Others,858690,4349,863039,45.11652659,69.55235452,1912911
Tamil Nadu,RAMANATHAPURAM,364738171,1,IUML,MALE,1,39,12th Pass,467585,2358,469943,30.12957288,44.04657131,1559740
Uttar Pradesh,RAMPUR,46124814,1,SP,MALE,10,64,Graduate Professional,559018,159,559177,33.2941353,52.69100805,1679506
Maharashtra,RAMTEK,95603165,1,SHS,MALE,0,53,Graduate,594827,2299,597126,31.05560537,49.85168704,1922764
West Bengal,RANAGHAT,17622476,1,BJP,MALE,1,56,Graduate Professional,779767,3486,783253,44.44614051,52.75152091,1762252
Jharkhand,RANCHI,14044267,1,BJP,MALE,0,60,Graduate Professional,703983,2527,706510,36.8750062,57.17886006,1915959
Madhya Pradesh,RATLAM,42072262,1,BJP,MALE,0,62,Graduate Professional,694243,1860,696103,37.60458578,49.67427489,1851112
Maharashtra,RATNAGIRI - SINDHUDURG,50660534,1,SHS,MALE,3,65,Post Graduate,456013,2009,458022,31.46669671,50.75851522,1455577
Maharashtra,RAVER,172713734,1,BJP,FEMALE,0,31,Graduate,652212,3174,655386,36.92209407,59.77012543,1775051
Madhya Pradesh,REWA,20359750,1,BJP,MALE,0,62,Graduate Professional,580769,3000,583769,34.75779591,57.53504719,1679534
Uttar Pradesh,ROBERTSGANJ,23048078,1,ADAL,MALE,0,66,Literate,447691,223,447914,25.9880548,45.29856271,1723538
Haryana,ROHTAK,41079284,1,BJP,MALE,0,56,Post Graduate,566242,7603,573845,33.03402791,46.84471924,1737133
Gujarat,SABARKANTHA,23997443,1,BJP,MALE,0,67,8th Pass,696497,5486,701983,38.96189024,57.49350111,1801717
Madhya Pradesh,SAGAR,16416828,1,BJP,MALE,1,51,Post Graduate,645338,893,646231,40.81985738,62.28516408,1583129
Uttar Pradesh,SAHARANPUR,46146135,1,BSP,MALE,0,67,Graduate,513268,871,514139,29.56381585,41.7172304,1739082
Tamil Nadu,SALEM,60045532,1,DMK,MALE,4,49,Graduate Professional,602453,3849,606302,37.59984422,48.25977251,1612512
Uttar Pradesh,SALEMPUR,27031724,1,BJP,MALE,0,55,12th Pass,464629,3311,467940,28.06603802,50.63732211,1667282
Bihar,SAMASTIPUR,17375975,1,LJP,MALE,5,58,10th Pass,561460,983,562443,33.49809116,55.15385317,1679030
Odisha,SAMBALPUR,269543587,1,BJP,MALE,1,47,12th Pass,471382,2388,473770,32.26151321,42.05076589,1468530
Uttar Pradesh,SAMBHAL,13296671,1,SP,MALE,0,86,Graduate,657505,501,658006,35.98091389,55.58478376,1828764
Maharashtra,SANGLI,191192187,1,BJP,MALE,1,54,10th Pass,503615,5380,508995,28.13512066,42.68047772,1809109
Punjab,SANGRUR,16427274,1,AAP,MALE,0,45,12th Pass,412201,1360,413561,27.04018684,37.35007984,1529431
Uttar Pradesh,SANT KABIR NAGAR,4300614,1,BJP,MALE,0,30,Graduate Professional,466167,1376,467543,23.8189559,43.94510891,1962903
Bihar,SARAN,80740349,1,BJP,MALE,0,58,Post Graduate,496992,2994,499986,29.98861001,52.98622849,1667253
Chhattisgarh,SURGUJA,27682493,1,BJP,FEMALE,0,55,12th Pass,662428,1283,663711,40.09759316,51.80320883,1655239
Bihar,SASARAM (SC),37786578,1,BJP,MALE,4,63,"Post Graduate
",492364,2436,494800,27.67526643,50.71870288,1787878
Maharashtra,SATARA,1996813173,1,NCP,MALE,8,53,12th Pass,576078,2948,579026,31.32428703,51.80249374,1848489
Madhya Pradesh,SATNA,41719076,1,BJP,MALE,2,56,Post Graduate,587410,1343,588753,37.37962394,52.86198491,1575064
Telangana,SECUNDRABAD,81430778,1,BJP,MALE,0,58,Others,384248,532,384780,19.54908763,42.04037528,1968276
Madhya Pradesh,SHAHDOL,36564408,1,BJP,FEMALE,0,32,Graduate,746122,1855,747977,45.1547685,60.3944655,1656474
Uttar Pradesh,SHAHJAHANPUR,43448049,1,BJP,MALE,1,42,12th Pass,686352,2638,688990,32.58867061,58.03814737,2114201
Bihar,SHEOHAR,328364940,1,BJP,FEMALE,1,69,Graduate Professional,606581,2097,608678,36.09729483,60.56937469,1686215
Meghalaya,SHILLONG,549515421,1,INC,MALE,0,51,Graduate Professional,419212,477,419689,35.03814474,53.51271678,1197806
Himachal Pradesh,SHIMLA,15705738,1,BJP,MALE,0,48,Post Graduate,601305,4877,606182,48.14464472,66.23861251,1259085
Karnataka,SHIMOGA,674093851,1,BJP,MALE,2,46,Graduate,728902,970,729872,43.53109858,56.84064772,1676668
Maharashtra,SHIRDI,113710526,1,SHS,MALE,1,56,10th Pass,483449,3371,486820,30.67396141,47.24105339,1587079
Maharashtra,SHIRUR,43351521,1,NCP,MALE,0,38,Graduate Professional,634554,1276,635830,29.22645481,49.16889313,2175529
Uttar Pradesh,SHRAWASTI,19108216,1,BSP,MALE,0,49,Graduate Professional,441505,266,441771,23.07212628,44.30385332,1914739
Madhya Pradesh,SIDHI,51541791,1,BJP,FEMALE,0,41,Post Graduate,697212,1130,698342,37.83929643,54.44291556,1845547
Rajasthan,SIKAR,2827638,1,BJP,MALE,0,67,Post Graduate,761332,10772,772104,37.81835138,58.02409479,2041612
Sikkim,SIKKIM,478817,1,SKM,MALE,0,30,Post Graduate,161143,5779,166922,38.44995025,47.23115884,434128
Assam,SILCHAR,29901767,1,BJP,MALE,0,48,Post Graduate,496235,3179,499414,41.76680159,52.5317401,1195720
Jharkhand,SINGHBHUM,25249018,1,INC,FEMALE,1,35,Post Graduate,431545,270,431815,34.00340337,49.09688965,1269917
Haryana,SIRSA,42596349,1,BJP,FEMALE,0,51,Post Graduate,712877,1474,714351,39.61246547,52.13038452,1803349
Bihar,SITAMARHI,60717031,1,JD(U),MALE,6,58,Graduate,565533,2212,567745,32.39714138,54.61186995,1752454
Uttar Pradesh,SITAPUR,73129716,1,BJP,MALE,1,58,Post Graduate,513984,544,514528,30.88169802,48.30241959,1666126
Tamil Nadu,SIVAGANGA,793729024,1,INC,MALE,8,47,Graduate Professional,564002,2102,566104,36.47532666,52.18000453,1552019
Bihar,SIWAN,19325264,1,JD(U),FEMALE,4,33,Post Graduate,447171,1302,448473,24.92138317,45.5371884,1799551
Maharashtra,SOLAPUR,27870079,1,BJP,MALE,0,63,Graduate,523352,1633,524985,28.35221915,48.32585258,1851654
Haryana,SONIPAT,235859266,1,BJP,MALE,0,62,Graduate Professional,583988,3676,587664,36.89940607,51.95297512,1592611
NCT OF Delhi,SOUTH DELHI,180052708,1,BJP,MALE,2,57,Graduate Professional,685789,1225,687014,33.22980871,56.56554512,2067463
Goa,SOUTH GOA,79402232,1,INC,MALE,0,73,Graduate Professional,201279,282,201561,34.79076624,47.45760717,579352
West Bengal,SRERAMPUR,175968902,1,AITC,MALE,0,62,Graduate Professional,637231,476,637707,35.71643801,45.47711942,1785472
Andhra Pradesh,SRIKAKULAM,122791042,1,TDP,MALE,1,32,Post Graduate,529213,5331,534544,34.40103999,45.91174333,1553860
Jammu & Kashmir,SRINAGAR,121904435,1,JKNC,MALE,1,83,Graduate Professional,106596,154,106750,8.245338005,57.1274142,1294671
Tamil Nadu,SRIPERUMBUDUR,208806446,1,DMK,MALE,0,77,Graduate,790750,2531,793281,35.20298671,56.37489314,2253448
Uttar Pradesh,SULTANPUR,556926451,1,BJP,FEMALE,0,62,12th Pass,458281,915,459196,25.86734085,45.88454421,1775196
Odisha,SUNDARGARH,74185014,1,BJP,MALE,2,58,Others,498468,1588,500056,32.65085454,45.4163257,1531525
Bihar,SUPAUL,23441606,1,JD(U),MALE,2,73,Graduate,596807,570,597377,35.33478842,53.76950052,1690620
Gujarat,SURAT,23872876,1,BJP,FEMALE,0,58,Graduate,794133,1518,795651,48.05514754,74.41185575,1655704
Gujarat,SURENDRANAGAR,79084513,1,BJP,MALE,0,50,Post Graduate,626957,4887,631844,34.16427449,58.49329614,1849429
West Bengal,TAMLUK,37687867,1,AITC,MALE,1,42,Graduate,723641,792,724433,42.748338,50.06655425,1694646
Uttarakhand,TEHRI GARHWAL,1846640100,1,BJP,FEMALE,0,68,12th Pass,556120,9213,565333,37.85180607,64.302085,1493543
Tamil Nadu,TENKASI,51360700,1,DMK,MALE,1,44,Post Graduate,470346,5810,476156,31.90716182,44.667207,1492317
Assam,TEZPUR,14445139,1,BJP,MALE,0,41,Graduate,681437,2729,684166,45.62204637,57.40201446,1499639
Maharashtra,THANE,181441465,1,SHS,MALE,9,57,12th Pass,738618,2351,740969,31.25260713,63.27822233,2370903
Tamil Nadu,THANJAVUR,42452076,1,DMK,MALE,0,68,Graduate Professional,583621,5357,588978,40.31191224,55.56123662,1461052
Tamil Nadu,THENI,65803231,1,AIADMK,MALE,0,39,Post Graduate,503459,1354,504813,32.33824886,42.962516,1561040
Tamil Nadu,THIRUVALLUR,24583769,1,INC,MALE,0,69,Doctorate,764093,3199,767292,39.41156831,54.48491584,1946870
Kerala,THIRUVANANTHAPURAM,350022585,1,INC,MALE,2,63,Doctorate,414057,2074,416131,30.34292018,41.14942824,1371427
Tamil Nadu,THOOTHUKKUDI,303373130,1,DMK,FEMALE,6,51,Graduate Professional,560345,2798,563143,39.44177792,56.77033611,1427783
Kerala,THRISSUR,8609349,1,INC,MALE,7,58,12th Pass,414541,548,415089,31.0437436,39.83113302,1337110
Madhya Pradesh,TIKAMGARH,21503766,1,BJP,MALE,0,65,Doctorate,670967,1281,672248,40.80662912,61.25523257,1647399
Tamil Nadu,TIRUCHIRAPPALLI,32182184,1,INC,MALE,0,69,Post Graduate,615667,5618,621285,41.17297773,59.23888636,1508963
Tamil Nadu,TIRUNELVELI,232759237,1,DMK,MALE,4,54,10th Pass,517589,5404,522993,33.78944308,50.26893761,1547800
Andhra Pradesh,TIRUPATI,17426921,1,YSRCP,MALE,0,63,Graduate Professional,717924,4953,722877,43.79870254,54.91012729,1650453
Tamil Nadu,TIRUPPUR,8035576,1,CPI,MALE,0,71,10th Pass,505793,2932,508725,33.24969575,45.41810368,1530014
Tamil Nadu,TIRUVANNAMALAI,134897466,1,DMK,MALE,0,45,Graduate,661719,4553,666272,45.20586052,57.84660585,1473862
Rajasthan,TONK-SAWAI MADHOPUR,1233802420,1,BJP,MALE,0,61,12th Pass,641561,2758,644319,33.1100539,52.19410482,1945992
Tripura,TRIPURA EAST,1948315,1,BJP,MALE,0,43,Post Graduate,479634,2492,482126,38.20753633,46.08693242,1261861
Tripura,TRIPURA WEST,642398,1,BJP,FEMALE,0,50,Graduate,570021,3511,573532,42.3941333,51.74287526,1352857
Karnataka,TUMKUR,510779150,1,BJP,MALE,0,78,Graduate Professional,594011,2116,596127,37.06001386,47.86365618,1608545
Meghalaya,TURA,29406813,1,NPP,FEMALE,0,38,Post Graduate,304185,270,304455,42.46293533,52.17916638,716990
Rajasthan,UDAIPUR,48196946,1,BJP,MALE,0,54,Post Graduate,867694,3854,871548,42.11273996,59.88304383,2069559
Jammu & Kashmir,UDHAMPUR,70827203,1,BJP,MALE,0,62,Post Graduate,715406,8905,724311,42.96500923,61.24319343,1685816
Karnataka,UDUPI CHIKMAGALUR,104872668,1,BJP,FEMALE,3,52,Post Graduate,717482,1434,718916,47.49062958,62.42633223,1513806
Bihar,UJIARPUR,187007570,1,BJP,MALE,3,53,Graduate,542341,1565,543906,33.73478881,56.08076201,1612300
Madhya Pradesh,UJJAIN,26417937,1,BJP,MALE,0,47,12th Pass,790207,1456,791663,47.65526005,63.17822807,1661229
West Bengal,ULUBERIA,28351569,1,AITC,FEMALE,0,57,Graduate,694617,328,694945,43.03096989,53.00392031,1614988
Uttar Pradesh,UNNAO,40886941,1,BJP,MALE,4,63,Doctorate,702441,1066,703507,32.10213259,56.84670773,2191465
Karnataka,UTTARA KANNADA,84755455,1,BJP,MALE,4,51,12th Pass,783211,2831,786042,50.4973985,68.09154618,1556599
Kerala,VADAKARA,114379340,1,INC,MALE,3,62,Graduate,525004,1751,526755,40.8677457,49.41731743,1288926
Gujarat,VADODARA,29426428,1,BJP,FEMALE,0,56,12th Pass,880905,2814,883719,49.23510889,72.21643381,1794896
Bihar,VAISHALI,337284632,1,LJP,FEMALE,2,48,10th Pass,566707,1508,568215,32.73159933,52.86945534,1735983
Bihar,VALMIKI NAGAR,17934888,1,JD(U),MALE,4,62,10th Pass,601227,1433,602660,36.184886,58.38421826,1665502
Gujarat,VALSAD,68239480,1,BJP,MALE,0,69,Graduate Professional,770442,1538,771980,46.19785402,61.20200037,1671030
Uttar Pradesh,VARANASI,25136119,1,BJP,MALE,0,68,Post Graduate,673453,1211,674664,36.33494561,63.59780888,1856791
Madhya Pradesh,VIDISHA,30032282,1,BJP,MALE,0,65,12th Pass,850443,2579,853022,48.97910202,68.18650166,1741604
Andhra Pradesh,VIJAYAWADA,808152415,1,TDP,MALE,0,53,10th Pass,573929,1569,575498,34.81549237,45.03907182,1652994
Tamil Nadu,VILUPPURAM,6509860,1,DMK,MALE,0,58,Doctorate,556675,2910,559585,38.74343556,49.25499385,1444335
Tamil Nadu,VIRUDHUNAGAR,49705799,1,INC,MALE,1,44,Graduate Professional,464667,6216,470883,31.72518757,43.76537048,1484256
Andhra Pradesh,VISAKHAPATNAM,2023905124,1,YSRCP,MALE,1,52,10th Pass,433968,2938,436906,23.88378068,35.23659975,1829300
Andhra Pradesh,VIZIANAGARAM,21035766,1,YSRCP,MALE,4,57,Graduate Professional,573466,4952,578418,38.45915504,47.31694907,1503980
Telangana,WARANGAL,24889712,1,TRS,MALE,0,51,Graduate,612027,471,612498,36.74760165,57.69182949,1666770
Maharashtra,WARDHA,65807822,1,BJP,MALE,0,65,10th Pass,575488,2876,578364,33.17671313,53.91882028,1743283
Kerala,WAYANAD,158877063,1,INC,MALE,5,48,Post Graduate,705034,1333,706367,51.95101197,64.64069388,1359679
NCT OF Delhi,WEST DELHI,155195014,1,BJP,MALE,0,41,Post Graduate,862058,3590,865648,36.49991314,60.01059278,2371644
Maharashtra,YAVATMAL-WASHIM,96873189,1,SHS,FEMALE,3,46,Graduate,540104,1994,542098,28.29048343,46.14291162,1916185
Telangana,ZAHIRABAD,1287851556,1,TRS,MALE,18,63,Graduate,434066,178,434244,28.97536876,41.57418258,1498666
